country,quarter,urate_gap,urate_gap_ratio,urate,urate_ceiling,urate_peak,urate_trough
france,1983Q1,0.0,1.0,6.833333333333333,6.833333333333333,0.0,0.0
france,1983Q2,0.0,1.0,7.2,7.2,1.0,0.0
france,1983Q3,0.3487470938618529,1.0480947359547534,7.6000000000000005,7.251252906138148,0.0,0.0
france,1983Q4,0.5983636481785632,1.0819492534751196,7.8999999999999995,7.301636351821436,0.0,0.0
france,1984Q1,0.7821829962834688,1.106402802339827,8.133333333333333,7.351150337049864,0.0,0.0
france,1984Q2,0.9668718048432332,1.1306619741354533,8.366666666666667,7.399794861823434,0.0,0.0
france,1984Q3,1.1190967405245233,1.1502633411465286,8.566666666666666,7.447569926142143,0.0,0.0
france,1984Q4,1.2721911366606742,1.1697505224437843,8.766666666666667,7.494475530005993,0.0,0.0
france,1985Q1,1.1594883265850147,1.1537678577798554,8.7,7.540511673414985,0.0,0.0
france,1985Q2,1.1143216436308832,1.1468980875909762,8.7,7.585678356369116,0.0,0.0
france,1985Q3,1.0700244211316123,1.1402395604115825,8.7,7.629975578868387,0.0,0.0
france,1985Q4,1.0265966590872013,1.1337863544346258,8.7,7.673403340912798,0.0,0.0
france,1986Q1,0.8840383574976478,1.1145726739526594,8.6,7.715961642502352,0.0,0.0
france,1986Q2,1.0090161830296225,1.130067239450644,8.766666666666667,7.757650483637045,0.0,0.0
france,1986Q3,1.1348634690164543,1.145523864137656,8.933333333333334,7.798469864316879,0.0,1.0
france,1986Q4,1.3615802154581456,1.1737059576910283,9.2,7.838419784541854,0.0,0.0
france,1987Q1,1.3891664223547,1.176346097019516,9.266666666666667,7.8775002443119675,0.0,0.0
france,1987Q2,1.250955423039442,1.1580344942530034,9.166666666666666,7.915711243627224,0.0,0.0
france,1987Q3,1.1469472175123787,1.144214712121353,9.1,7.953052782487621,0.0,0.0
france,1987Q4,1.0771418057735112,1.1348192570306486,9.066666666666666,7.989524860893155,0.0,0.0
france,1988Q1,0.874872521156167,1.1090166509457378,8.9,8.025127478843833,0.0,0.0
france,1988Q2,0.7734726969936823,1.0959660137926344,8.833333333333334,8.059860636339652,0.0,0.0
france,1988Q3,0.7062756666193906,1.087262135146675,8.8,8.09372433338061,0.0,0.0
france,1988Q4,0.7066147633666251,1.0869495796222115,8.833333333333334,8.126718569966709,0.0,0.0
france,1989Q1,0.5744899872353848,1.0704131655512348,8.733333333333333,8.158843346097948,0.0,0.0
france,1989Q2,0.5099013382256725,1.0622582656550326,8.7,8.190098661774327,0.0,0.0
france,1989Q3,0.47951548300415325,1.0583317786211695,8.7,8.220484516995846,0.0,0.0
france,1989Q4,0.4166657549041588,1.0505049344067459,8.666666666666666,8.250000911762507,0.0,0.0
france,1990Q1,0.25468548725902274,1.0307641407140893,8.533333333333333,8.27864784607431,0.0,0.0
france,1990Q2,0.12690801340208324,1.0152782946350662,8.433333333333334,8.30642531993125,0.0,0.0
france,1990Q3,0.0,1.0,8.333333333333334,8.333333333333334,1.0,0.0
france,1990Q4,0.0,1.0,8.3,8.3,0.0,0.0
france,1991Q1,0.0,1.0,8.3,8.3,0.0,0.0
france,1991Q2,0.05782605585624445,1.0068768167376014,8.466666666666667,8.408840610810422,0.0,0.0
france,1991Q3,0.2677292176069326,1.0317505479266584,8.700000000000001,8.432270782393068,0.0,0.0
france,1991Q4,0.5451685064791469,1.0644801149374679,9.0,8.454831493520853,0.0,0.0
france,1992Q1,0.7234772558062215,1.0853507125078838,9.200000000000001,8.47652274419378,0.0,0.0
france,1992Q2,0.8693221322548226,1.102305152949173,9.366666666666667,8.497344534411845,0.0,0.0
france,1992Q3,0.9827031358249485,1.1153773493510994,9.5,8.517296864175051,0.0,0.0
france,1992Q4,1.1636202665166024,1.136313086208241,9.700000000000001,8.536379733483399,0.0,0.0
france,1993Q1,1.3120735243297812,1.1533764964035866,9.866666666666667,8.554593142336886,0.0,0.0
france,1993Q2,1.5613962425978194,1.1821520883868086,10.133333333333333,8.571937090735513,0.0,0.0
france,1993Q3,1.8115884213207174,1.2109340481327167,10.4,8.588411578679283,0.0,0.0
france,1993Q4,2.0626500604984734,1.2397310645611452,10.666666666666666,8.604016606168193,0.0,0.0
france,1994Q1,2.18124782679776,1.253081627475005,10.800000000000002,8.618752173202243,0.0,0.0
france,1994Q2,2.134048386885233,1.2472075467397203,10.766666666666666,8.632618279781433,0.0,0.0
france,1994Q3,1.9877184074275682,1.2299105875594296,10.633333333333333,8.645614925905765,0.0,0.0
france,1994Q4,1.8089245550914317,1.208937218477891,10.466666666666667,8.657742111575235,0.0,0.0
france,1995Q1,1.6643334965434864,1.1919867952333234,10.333333333333334,8.668999836789848,0.0,0.0
france,1995Q2,1.7539452317837352,1.2020816688068816,10.433333333333334,8.679388101549598,0.0,0.0
france,1995Q3,1.8777597608121734,1.2161100102875955,10.566666666666666,8.688906905854493,0.0,0.0
france,1995Q4,2.0024437502954715,1.2302306179811713,10.699999999999998,8.697556249704526,0.0,0.0
france,1996Q1,1.9946638669002983,1.2291311715484627,10.699999999999998,8.7053361330997,0.0,0.0
france,1996Q2,2.187890548008866,1.2511321236338264,10.9,8.712109451991134,0.0,1.0
france,1996Q3,2.1829464179144455,1.2504225077152933,10.9,8.717053582085555,0.0,0.0
france,1996Q4,2.113301913999255,1.2423502637058894,10.833333333333334,8.720031419334079,0.0,0.0
france,1997Q1,2.1789570362632915,1.2498505104634496,10.9,8.721042963736709,0.0,0.0
france,1997Q2,2.213245118039886,1.2538099458854393,10.933333333333332,8.720088215293446,0.0,0.0
france,1997Q3,2.1828328259957157,1.250406213672855,10.9,8.717167174004285,0.0,0.0
france,1997Q4,2.1210534934641014,1.2434556203942984,10.833333333333334,8.712279839869232,0.0,0.0
france,1998Q1,2.0279071204450503,1.2329474825072617,10.733333333333334,8.705426212888284,0.0,0.0
france,1998Q2,2.0033937069385583,1.23036499979733,10.699999999999998,8.69660629306144,0.0,0.0
france,1998Q3,1.947513252944633,1.224217544793707,10.633333333333333,8.6858200803887,0.0,0.0
france,1998Q4,2.0269324251299334,1.2337042122216257,10.699999999999998,8.673067574870064,0.0,0.0
france,1999Q1,2.074984556827797,1.2396513019270228,10.733333333333334,8.658348776505537,0.0,0.0
france,1999Q2,2.058336314704885,1.2381875052841278,10.700000000000001,8.641663685295116,0.0,0.0
france,1999Q3,1.7436543654278704,1.2022094257220732,10.366666666666667,8.623012301238797,0.0,0.0
france,1999Q4,1.3642720423300823,1.15859212485678,9.966666666666667,8.602394624336585,0.0,0.0
france,2000Q1,1.0535226787448568,1.1227909007737173,9.633333333333333,8.579810654588476,0.0,0.0
france,2000Q2,0.744739608005526,1.0870504898602982,9.299999999999999,8.555260391994473,0.0,0.0
france,2000Q3,0.47125616344542465,1.0552550495684487,9.0,8.528743836554575,0.0,0.0
france,2000Q4,0.26640567839788254,1.031340882211211,8.766666666666667,8.500260988268785,0.0,0.0
france,2001Q1,0.0968548195295682,1.0114352976521321,8.566666666666666,8.469811847137098,0.0,0.0
france,2001Q2,0.06260358684048484,1.0074197754585579,8.5,8.437396413159515,0.0,0.0
france,2001Q3,0.0,1.0,8.4,8.4,0.0,0.0
france,2001Q4,0.0,1.0,8.366666666666667,8.366666666666667,1.0,0.0
france,2002Q1,0.0,1.0,8.2,8.2,0.0,0.0
france,2002Q2,0.0,1.0,8.2,8.2,0.0,0.0
france,2002Q3,0.05417514941681745,1.006570009719887,8.3,8.245824850583183,0.0,0.0
france,2002Q4,0.1983883404697675,1.0241889458688576,8.4,8.201611659530233,0.0,0.0
france,2003Q1,0.11123449103527783,1.013639312870218,8.266666666666667,8.15543217563139,0.0,0.0
france,2003Q2,0.39271360111335163,1.0484395865387564,8.5,8.107286398886648,0.0,0.0
france,2003Q3,0.37615900403732105,1.046686218848412,8.433333333333334,8.057174329296013,0.0,0.0
france,2003Q4,0.8282373664738518,1.1034637648196468,8.833333333333334,8.005095966859482,0.0,0.0
france,2004Q1,0.9489486884229406,1.1193488321527032,8.9,7.95105131157706,0.0,0.0
france,2004Q2,0.8716263032179299,1.110401753897707,8.766666666666667,7.895040363448738,0.0,0.0
france,2004Q3,1.0296035441921427,1.1313761964273996,8.866666666666667,7.837063122474524,0.0,0.0
france,2004Q4,1.189547078012252,1.152954710860768,8.966666666666667,7.777119588654415,0.0,0.0
france,2005Q1,0.9176738449449475,1.1189365402045013,8.633333333333333,7.715659488388385,0.0,0.0
france,2005Q2,1.1446188199237257,1.1495182007269193,8.799999999999999,7.655381180076273,0.0,0.0
france,2005Q3,1.4032656098819434,1.1847195831550108,9.0,7.596734390118057,0.0,1.0
france,2005Q4,1.5602808814862676,1.2069415129344816,9.1,7.539719118513732,0.0,0.0
france,2006Q1,1.6823313014033658,1.2247803204024625,9.166666666666666,7.4843353652633,0.0,0.0
france,2006Q2,1.5027502029665714,1.2022385291438624,8.933333333333334,7.430583130366762,0.0,0.0
france,2006Q3,1.5548709195092165,1.2107310212214466,8.933333333333334,7.378462413824117,0.0,0.0
france,2006Q4,1.0386934510313024,1.1417436200251236,8.366666666666667,7.327973215635365,0.0,0.0
france,2007Q1,1.1875511308661615,1.1631449762028765,8.466666666666667,7.279115535800505,0.0,0.0
france,2007Q2,0.9014439590137933,1.124648471838469,8.133333333333333,7.23188937431954,0.0,0.0
france,2007Q3,0.8137052688075332,1.1132301553505182,8.0,7.186294731192467,0.0,0.0
france,2007Q4,0.3576683935807141,1.0500772595407435,7.5,7.142331606419286,0.0,0.0
france,2008Q1,0.0,1.0,7.1000000000000005,7.1000000000000005,1.0,0.0
france,2008Q2,0.27403342139872766,1.0388187815813634,7.333333333333333,7.059299911934605,0.0,0.0
france,2008Q3,0.47976865777689515,1.0683408614886138,7.5,7.020231342223105,0.0,0.0
france,2008Q4,0.8172057091345026,1.117031330881897,7.8,6.982794290865497,0.0,0.0
france,2009Q1,1.6530112421382164,1.2379464397819175,8.6,6.946988757861783,0.0,0.0
france,2009Q2,2.253851923454704,1.3260396824127065,9.166666666666666,6.912814743211962,0.0,0.0
france,2009Q3,2.319727753083967,1.3371563900140355,9.200000000000001,6.880272246916034,0.0,0.0
france,2009Q4,2.6839720643593346,1.39185727821324,9.533333333333333,6.849361268973999,0.0,0.0
france,2010Q1,2.5799181906141424,1.3782825870305009,9.4,6.820081809385858,0.0,0.0
france,2010Q2,2.47423279851506,1.3642630677813814,9.266666666666667,6.792433868151607,0.0,0.0
france,2010Q3,2.433582554728747,1.3596559884772508,9.2,6.766417445271252,0.0,0.0
france,2010Q4,2.45796745925521,1.3645736570389913,9.2,6.742032540744789,0.0,0.0
france,2011Q1,2.447387512094446,1.3642336411085243,9.166666666666666,6.71927915457222,0.0,0.0
france,2011Q2,2.401842713246456,1.3585826086820034,9.1,6.698157286753544,0.0,0.0
france,2011Q3,2.5213330627112374,1.3775204073486536,9.2,6.678666937288762,0.0,0.0
france,2011Q4,2.705858560488797,1.406235777604691,9.366666666666667,6.66080810617787,0.0,0.0
france,2012Q1,2.8887525399124607,1.434753166486102,9.533333333333333,6.6445807934208725,0.0,0.0
france,2012Q2,3.070015000982231,1.4630500674491802,9.7,6.629984999017768,0.0,0.0
france,2012Q3,3.1163126103647727,1.4709540351819719,9.733333333333333,6.61702072296856,0.0,0.0
france,2012Q4,3.5943120347267605,1.5441237996136687,10.200000000000001,6.6056879652732405,0.0,0.0
france,2013Q1,3.8040132740681836,1.5767163325409497,10.4,6.595986725931817,0.0,1.0
france,2013Q2,3.8454163283890495,1.583707464059282,10.433333333333334,6.587917004944284,0.0,0.0
france,2013Q3,3.651854531022688,1.5548683875940743,10.233333333333334,6.581478802310646,0.0,0.0
france,2013Q4,3.589994548635765,1.5458679533062434,10.166666666666666,6.576672118030901,0.0,0.0
france,2014Q1,3.6265030478949507,1.5516855144708976,10.2,6.573496952105049,0.0,0.0
france,2014Q2,3.5613800288002437,1.5419058632604308,10.133333333333333,6.571953304533089,0.0,0.0
france,2014Q3,3.661292158018309,1.5571012202069487,10.233333333333333,6.572041175315023,0.0,0.0
france,2014Q4,3.8929061022158162,1.5921886056008212,10.466666666666667,6.5737605644508506,0.0,0.0
france,2015Q1,3.7895551947260966,1.5761731743324083,10.366666666666667,6.5771114719405706,0.0,0.0
france,2015Q2,3.851239435549151,1.5851085528946411,10.433333333333334,6.5820938977841825,0.0,0.0
france,2015Q3,3.7112921580183116,1.5632807292457005,10.3,6.588707841981689,0.0,0.0
france,2015Q4,3.669713362133579,1.5562739635601088,10.266666666666667,6.596953304533089,0.0,0.0
france,2016Q1,3.6931697145616162,1.5589926719778853,10.299999999999999,6.606830285438383,0.0,0.0
france,2016Q2,3.381661215302433,1.5109531750053744,10.0,6.618338784697567,0.0,0.0
france,2016Q3,3.2351878643560212,1.4878531562566053,9.866666666666667,6.631478802310646,0.0,0.0
france,2016Q4,3.4204163283890487,1.5146385035619125,10.066666666666666,6.646250338277618,0.0,0.0
france,2017Q1,2.9706799407348505,1.4458704011280203,9.633333333333333,6.662653392598482,0.0,0.0
france,2017Q2,2.8193120347267584,1.42200923757879,9.5,6.680687965273242,0.0,0.0
france,2017Q3,2.7663126103647757,1.4128606618575585,9.466666666666667,6.700354056301891,0.0,0.0
france,2017Q4,2.3116816676488963,1.343915719323951,9.033333333333333,6.721651665684437,0.0,0.0
france,2018Q1,2.5220858732457945,1.3739425696710477,9.266666666666667,6.744580793420873,0.0,0.0
france,2018Q2,2.330858560488796,1.344335922260934,9.1,6.769141439511204,0.0,0.0
france,2018Q3,2.1379997293779063,1.3146276333119862,8.933333333333334,6.795333603955427,0.0,0.0
france,2018Q4,1.943509379913123,1.2848401844240416,8.766666666666667,6.823157286753545,0.0,0.0
france,2019Q1,1.8807208454277786,1.2744531153260361,8.733333333333333,6.852612487905554,0.0,0.0
france,2019Q2,1.6163007925885422,1.2348011939348429,8.5,6.883699207411458,0.0,0.0
france,2019Q3,1.383582554728747,1.2000432399687935,8.299999999999999,6.916417445271252,0.0,0.0
france,2019Q4,1.2492327985150578,1.1797258866975397,8.2,6.9507672014849415,0.0,0.0
france,2020Q1,0.8799181906141431,1.1259410144261115,7.866666666666666,6.986748476052523,0.0,0.0
france,2020Q2,0.27563873102600045,1.0392403978769533,7.3,7.024361268973999,0.0,0.0
france,2020Q3,1.8363944197506328,1.259979750976668,8.9,7.063605580249368,0.0,0.0
france,2020Q4,0.9955185901213701,1.1401254409276267,8.1,7.1044814098786295,0.0,0.0
france,2021Q1,1.0196779088048817,1.1426723818032065,8.166666666666666,7.146988757861784,0.0,0.0
france,2021Q2,0.8422057091345021,1.1171173358543103,8.033333333333333,7.191127624198831,0.0,0.0
france,2021Q3,0.6297686577768955,1.0870219059330795,7.866666666666667,7.236898008889772,0.0,0.0
france,2021Q4,0.14903342139872766,1.020459539447923,7.433333333333334,7.284299911934606,0.0,0.0
france,2022Q1,0.0,1.0,7.333333333333333,7.333333333333333,1.0,0.0
france,2022Q2,0.16250000000000053,1.022146507666099,7.5,7.3374999999999995,0.0,0.0
france,2022Q3,0.0,1.0,7.233333333333333,7.233333333333333,0.0,0.0
france,2022Q4,0.0,1.0,7.166666666666667,7.166666666666667,0.0,0.0
france,2023Q1,0.0,1.0,7.099999999999999,7.099999999999999,0.0,0.0
france,2023Q2,0.0,1.0,7.3,7.3,0.0,0.0
france,2023Q3,0.04166666666666963,1.0056625141562858,7.400000000000001,7.358333333333332,0.0,0.0
france,2023Q4,0.20416666666666838,1.0277306168647427,7.566666666666666,7.362499999999998,0.0,0.0
france,2024Q1,0.13333333333333552,1.0180995475113126,7.5,7.3666666666666645,0.0,0.0
france,2024Q2,0.02916666666666856,1.0039570378745055,7.3999999999999995,7.370833333333331,0.0,0.0
france,2024Q3,0.12500000000000266,1.0169491525423733,7.5,7.374999999999997,0.0,0.0
france,2024Q4,0.0,1.0,7.366666666666667,7.366666666666667,0.0,0.0
france,2025Q1,0.0833333333333357,1.011286681715576,7.466666666666666,7.38333333333333,0.0,0.0
france,2025Q2,0.2125000000000039,1.0287648054145522,7.6000000000000005,7.387499999999997,0.0,0.0
france,2025Q3,0.40833333333333677,1.0552423900789183,7.8,7.391666666666663,0.0,0.0
france,2025Q4,0.6041666666666705,1.081690140845071,8.0,7.3958333333333295,0.0,0.0
france,2026Q1,0.7666666666666702,1.103603603603604,8.166666666666666,7.399999999999996,0.0,0.0
france,2026Q2,0.9291666666666716,1.125492402926281,8.333333333333334,7.404166666666662,0.0,0.0
france,2026Q3,0.8916666666666719,1.1203599550056251,8.3,7.408333333333329,0.0,0.0
